file,id,name,manpower,state_category,resources_oil,resources_aluminium,resources_rubber,resources_tungsten,resources_steel,resources_chromium
1-France.txt,1,STATE_1,322900,town,,,,,,
10-Poland.txt,10,STATE_10,3089000,large_city,,,,,,
100-Iceland.txt,100,STATE_100,115870,rural,,,,,,
101-Greenland.txt,101,STATE_101,18000,wasteland,,,,,,
102-Slovenia.txt,102,STATE_102,1144300,large_town,,,,,,
103-Croatia.txt,103,STATE_103,1431700,large_town,,,,,,
104-Bosnia.txt,104,STATE_104,1910200,town,,7,,,,
105-Montenegro.txt,105,STATE_105,895500,rural,,70.000,,,,20.000
106-Macedonia.txt,106,STATE_106,1374200,rural,,16.000,,,,70.000
107-Kosavo.txt,107,STATE_107,1279121,large_city,,,,,,
108-Eastern Serbia.txt,108,STATE_108,707000,town,,,,,3.000,
109-Eastern Croatia.txt,109,STATE_109,2224400,large_town,,,,,,
11-Kaunas.txt,11,STATE_11,1353130,town,,,,,,
110-Norway.txt,110,STATE_110,1410219,city,,5,,,,
111-Finland.txt,111,STATE_111,1670190,city,,,,,,
112-Lisbon.txt,112,STATE_112,1995800,city,,,,50.000,,
113-Ireland.txt,113,STATE_113,1357600,city,,0,,,2,
114-Sardinia.txt,114,STATE_114,991921,town,,,,,,
115-Sicily.txt,115,STATE_115,3836571,city,,,,,,
116-Malta.txt,116,STATE_116,241621,small_island,,,,,,
117-Napoli.txt,117,STATE_117,5333611,city,,10,,,15,
118-Gibralter.txt,118,STATE_118,21372,enclave,,,,,,
119-Northern Ireland.txt,119,STATE_119,1198537,city,,2,,,,
12-Latvia.txt,12,STATE_12,1520500,city,,,,,1,
120-Scottish Highlands.txt,120,STATE_120,265873,rural,,9,,16,,1
121-Scottish Lowlands.txt,121,STATE_121,1431624,city,,,,,,
122-Wales.txt,122,STATE_122,2309230,city,,3,,,11,
123-Cornwall.txt,123,STATE_123,1221013,town,,,,,,
124-Gotland.txt,124,STATE_124,56988,small_island,,,,,,
125-East Anglia.txt,125,STATE_125,1363174,city,,,,,,
126-Greater London Area.txt,126,STATE_126,9824296,megalopolis,,,,,,
127-South-east England.txt,127,STATE_127,3193383,large_city,,,,,,
128-West Midlands.txt,128,STATE_128,3685235,metropolis,,,,,27,
129-East Midlands.txt,129,STATE_129,2212021,city,,,,,11,
13-Estonia.txt,13,STATE_13,730660,town,,,,,2,
130-Yorkshire.txt,130,STATE_130,4762495,metropolis,,,,,71,
131-Northern England.txt,131,STATE_131,2128860,city,,5,,,38,
132-North-west England.txt,132,STATE_132,5770454,metropolis,,2,,,31,
133-Strathclyde.txt,133,STATE_133,2257723,city,,,,,21,
134-Connaught.txt,134,STATE_134,667100,town,,,,,,
135-Munster.txt,135,STATE_135,941400,town,,,,,,
136-Aberdeenshire.txt,136,STATE_136,745466,town,,3,,4,,
137-Crimea.txt,137,STATE_137,1061607,city,,,,,,
138-Skane.txt,138,STATE_138,1047701,city,,,,,,
139-Smaland.txt,139,STATE_139,918593,town,,,,,7,
14-Brittany.txt,14,STATE_14,2396600,city,,,,,,
140-Vaster Gotland.txt,140,STATE_140,1282827,city,,,,,6,
141-Sodermanland.txt,141,STATE_141,1488181,city,,2,,,24,
142-Vestlandet.txt,142,STATE_142,880945,town,,15,,,,1
143-Midt-Noreg.txt,143,STATE_143,280271,rural,,,,,,
144-Nord-Noreg.txt,144,STATE_144,355251,rural,,,,15,9,
145-Aland.txt,145,STATE_145,27400,small_island,,,,,,
146-Karelia.txt,146,STATE_146,418635,town,,,,,,
147-Salla.txt,147,STATE_147,4630,enclave,,,,,,
148-Lapland.txt,148,STATE_148,121737,rural,,,,,7,2
149-Western Finland.txt,149,STATE_149,811029,town,,,,,,
15-Normandy.txt,15,STATE_15,2332100,city,,,,,21,
150-Eastern Finland.txt,150,STATE_150,611100,town,,,,,3,
151-Eastern Switzerland.txt,151,STATE_151,1854711,city,,15,,,,
152-Upper Austria.txt,152,STATE_152,2275377,city,,1,,,5,
153-Tyrol.txt,153,STATE_153,1655340,town,,,,,,
154-Southern plain.txt,154,STATE_154,2735383,city,,,,,,
155-Western Hungary.txt,155,STATE_155,2197605,city,1,,,,,
156-Calabria.txt,156,STATE_156,2966315,city,,,,,,
157-Abruzzo.txt,157,STATE_157,2979335,city,,,,,,
158-Piedmont.txt,158,STATE_158,4765476,metropolis,,16,,1,24,2
159-Lombardy.txt,159,STATE_159,5597704,metropolis,,,,,,
16-Ile de France.txt,16,STATE_16,7038500,metropolis,,,,,,
160-Veneto.txt,160,STATE_160,3963151,large_city,,11,,,20,
161-Emilia Romagna.txt,161,STATE_161,3202401,large_city,,9,,,,
162-Tuscany.txt,162,STATE_162,3084933,large_city,,,,,,
163-Dalmatia.txt,163,STATE_163,18000,enclave,,,,,,
164-Dodecanese.txt,164,STATE_164,120000,small_island,,,,,,
165-Catalonia.txt,165,STATE_165,3036537,large_city,,,,,,
166-Western Aragon.txt,166,STATE_166,668365,town,,,,,15.000,
167-Valencia.txt,167,STATE_167,1979294,large_town,,,,,,
168-Murcia.txt,168,STATE_168,1007605,town,,,,,,
169-Sevilla.txt,169,STATE_169,1746650,large_town,,,,,,
17-Alcase Lorraine.txt,17,STATE_17,1517500,city,,,,,28,
170-Extremadura.txt,170,STATE_170,1417652,town,,,,4.000,,
171-Galicia.txt,171,STATE_171,2295085,city,,,,,,
172-Navarre.txt,172,STATE_172,359880,pastoral,,,,,,
173-Granada.txt,173,STATE_173,1662292,city,,,,,8.000,
174-Leon.txt,174,STATE_174,749041,rural,,,,10.000,,
175-Ciudad Real.txt,175,STATE_175,526903,rural,,,,,,
176-Burgos.txt,176,STATE_176,739760,rural,,,,,,
177-Balearic Islands.txt,177,STATE_177,365500,rural,,,,,,
178-Canary islands.txt,178,STATE_178,561347,small_island,,,,,,
179-Beja.txt,179,STATE_179,777895,rural,,,,,,
18-Champagne.txt,18,STATE_18,1370800,city,,,,,,
180-Porto.txt,180,STATE_180,1904600,large_town,,,,,,
181-Guarda.txt,181,STATE_181,964700,town,,,,150,,
182-Crete.txt,182,STATE_182,387900,town,,,,,,
183-Cyprus.txt,183,STATE_183,347959,rural,,,,,,3
184-Thrace.txt,184,STATE_184,382500,rural,,,,,,11.000
185-Epirus.txt,185,STATE_185,760900,rural,,,,,14,14
186-Peloponnese.txt,186,STATE_186,945000,town,,,,,,
187-Aegean Islands.txt,187,STATE_187,322600,small_island,,,,,,7
188-Memel.txt,188,STATE_188,150000,rural,,,,,,
189-Kaunas.txt,189,STATE_189,697100,town,,,,,2,
19-Aquitaine.txt,19,STATE_19,1140400,city,,11.000,,,25.000,
190-Kurzeme.txt,190,STATE_190,379500,rural,,,,,,
191-Tartu.txt,191,STATE_191,376400,rural,,,,,,
192-Odessa.txt,192,STATE_192,1469986,city,,,,,,
193-Kiev.txt,193,STATE_193,1373637,city,,,,,,
194-Pinsk Marches.txt,194,STATE_194,934632,rural,,,,,,
195-Leningrad Area.txt,195,STATE_195,3750158,metropolis,,,,,,
196-Kherson.txt,196,STATE_196,728363,rural,,,,,,15
197-Mykolaiv.txt,197,STATE_197,896311,rural,,,,,,
198-Vinnytsia.txt,198,STATE_198,1893391,large_town,,,,,,
199-Khmelnytskyi.txt,199,STATE_199,1424022,town,,,,,,
2-Italy.txt,2,STATE_2,2781971,city,,,,,,
20-Franche-comte.txt,20,STATE_20,2973200,city,,35,,,60,
200-Rivne.txt,200,STATE_200,1294082,town,,,,,,
201-Zhytomyr.txt,201,STATE_201,1417834,town,,,,,,
202-Western Kiev.txt,202,STATE_202,2495352,city,8,7,,,,
203-Cherkasy.txt,203,STATE_203,2405190,large_town,,,,,,
204-Brest.txt,204,STATE_204,1041084,rural,,,,,,
205-Hrodna.txt,205,STATE_205,1121004,town,,,,,,
206-Minsk.txt,206,STATE_206,1163163,city,,,,,,
207-Viciebsk.txt,207,STATE_207,1217854,town,,,,,,
208-Pskov.txt,208,STATE_208,341819,rural,,,,,,
209-Smolensk.txt,209,STATE_209,639587,town,,,,,,
21-Cote d'azar.txt,21,STATE_21,2060400,city,,60,,,,
210-Bryansk.txt,210,STATE_210,830133,rural,,,,,,
211-Burgas.txt,211,STATE_211,1358394,town,,,,,,
212-Plovdiv.txt,212,STATE_212,1814936,large_town,,,,,,1
213-Murmansk.txt,213,STATE_213,275751,rural,,,,,14,12
214-Arkhangelsk.txt,214,STATE_214,1050883,town,,,,,,
215-Eastern Karelia.txt,215,STATE_215,214858,rural,,,,,30,
216-Below Zero.txt,216,STATE_216,229564,rural,,,,,,
217-Stalingrad Area.txt,217,STATE_217,1135070,city,,,,,,
218-Rostov Area.txt,218,STATE_218,1501076,city,,,,,,
219-Moscow Area.txt,219,STATE_219,8335992,megalopolis,,,,,16,
22-Roussillion.txt,22,STATE_22,1691200,town,,50,,,70,
220-Kursk Area.txt,220,STATE_220,1680086,city,,,,,,
221-Kharkov.txt,221,STATE_221,2227520,city,,,,,33,
222-Orel.txt,222,STATE_222,1218607,rural,,,,,40,8
223-tula.txt,223,STATE_223,1635549,town,,,,,,
224-Bryansk.txt,224,STATE_224,1707567,town,,,,,,
225-Glukhov.txt,225,STATE_225,1338280,town,,,,,,
226-Nikopol.txt,226,STATE_226,2391047,town,4,,,,,
227-Stalino.txt,227,STATE_227,3767336,city,,,,,,
228-Taganrog.txt,228,STATE_228,2167411,town,,,,,,
229-baku.txt,229,STATE_229,2881049,large_town,70,,,,,
23-Poitou.txt,23,STATE_23,1603100,town,,,,,30,
230-Armenia.txt,230,STATE_230,1250082,town,,,,,,
231-Georgia.txt,231,STATE_231,2949413,town,,,,,,
232-Grozny.txt,232,STATE_232,1658292,rural,19,,,,,
233-Caucasus Mountains.txt,233,STATE_233,1463970,rural,,,,,,35
234-Krasodar.txt,234,STATE_234,2903371,city,12,,,17,,
235-Stravropol.txt,235,STATE_235,1316516,rural,,,,,,14
236-Astrakhan.txt,236,STATE_236,647208,rural,,,,,,
237-Elista.txt,237,STATE_237,169620,rural,,,,,,
238-volgodonsk.txt,238,STATE_238,556677,rural,,,,,,
239-Saratov.txt,239,STATE_239,1226088,town,,,,,,
24-Centre.txt,24,STATE_24,1546300,large_town,,,,,,
240-Voronezh.txt,240,STATE_240,1364537,town,,,,,,
241-Pochep.txt,241,STATE_241,943422,rural,,,,,,
242-Smolensk.txt,242,STATE_242,1300028,large_town,,,,,,
243-Roslavl.txt,243,STATE_243,576210,rural,,,,,,
244-Gatchina.txt,244,STATE_244,195325,rural,,,,,,
245-Donetsk.txt,245,STATE_245,761769,rural,,,,,,
246-Rzhev.txt,246,STATE_246,1025458,rural,,,,,16,
247-Tver.txt,247,STATE_247,1331211,town,,,,,,
248-Yaroslavl.txt,248,STATE_248,1664541,large_town,,,,,,
249-Kazan.txt,249,STATE_249,2761291,town,,,,,25,
25-Limousin.txt,25,STATE_25,1343700,large_town,,,,,,
250-ulyanovsky.txt,250,STATE_250,1630524,town,,,,,14,
251-Samara.txt,251,STATE_251,1391819,town,,,,,,
252-Nizhny Novogrod.txt,252,STATE_252,3378176,city,,,,,,
253-Ivanovo.txt,253,STATE_253,2585987,town,,,,,,
254-Ryazan.txt,254,STATE_254,1824120,town,,,,,,
255-Penza.txt,255,STATE_255,2342937,town,,,,,,
256-Cheboksary.txt,256,STATE_256,1572061,town,,,,,,
257-Livny.txt,257,STATE_257,1779583,rural,,,,,,7
258-lipetsk.txt,258,STATE_258,1282096,town,,,,,,
259-Liski.txt,259,STATE_259,1442584,rural,,,,,,
26-Bourgogne.txt,26,STATE_26,877800,town,,,,,,
260-Borisoglbsk.txt,260,STATE_260,2567983,town,,,,,,
261-USA.txt,261,STATE_261,6646694,metropolis,,9,,,28,
262-Torzhok.txt,262,STATE_262,43590,rural,7,,,,,
263-Veliky Novogrod.txt,263,STATE_263,1092577,town,,,,,,
264-Tikhvin.txt,264,STATE_264,185559,rural,,,,,,
265-Mikhaylovka.txt,265,STATE_265,468781,rural,,,,,,
266-Persia.txt,266,STATE_266,3446250,town,,,,,,
267-Afghanistan.txt,267,STATE_267,4637140,town,,,,3,,
268-French Somaliland.txt,268,STATE_268,85232,enclave,,,,,,
269-British Somaliland.txt,269,STATE_269,344700,enclave,,,,,,
27-Champagne2.txt,27,STATE_27,1370800,city,,11,,,,
270-Pitcarin Island.txt,270,STATE_270,40,enclave,,,,,,
271-ethiopia.txt,271,STATE_271,10000000,town,,,2,,,
272-French Africa.txt,272,STATE_272,1638000,pastoral,,,,,3,
273-Italian Africa.txt,273,STATE_273,42633,wasteland,,,,,,
274-British Africa.txt,274,STATE_274,3163600,rural,,,,,,
275-South Africa.txt,275,STATE_275,3680363,city,,,,,5,53
276-Canada.txt,276,STATE_276,3117017,large_city,,,,,,
277-Mexico.txt,277,STATE_277,3424403,city,steel6,,,,6,
278-Argentina.txt,278,STATE_278,5596366,large_city,,,,,,
279-Chile.txt,279,STATE_279,3935146,large_city,,,,,16,
28-Alcase.txt,28,STATE_28,1915600,city,,,,,100,
280-Brazil.txt,280,STATE_280,120000,pastoral,,,,,,
281-India.txt,281,STATE_281,79300,enclave,,,,,,
282-Japan.txt,282,STATE_282,13773000,megalopolis,,1,,,,
283-China.txt,283,STATE_283,3705400,rural,,,,1.000,,
284-New Zealand.txt,284,STATE_284,899836,city,,,,,,
285-Austraila.txt,285,STATE_285,2563100,large_city,,,,,,
286-Indochina.txt,286,STATE_286,5245000,town,,,55,,,
287-Sinkiang.txt,287,STATE_287,408000,wasteland,,,,,,
288-Burma.txt,288,STATE_288,10722500,town,,,3,92,,
289-Siam.txt,289,STATE_289,12422400,city,,,8,2,,
29-Pas de Calais.txt,29,STATE_29,2976400,large_city,,8,,,42,
290-Spanish Africa.txt,290,STATE_290,744000,rural,,,,,23,
291-Iraq.txt,291,STATE_291,2044165,town,15,,,,,
292-Saudi Arabia.txt,292,STATE_292,1440000,rural,3,,,,,
293-Yemen.txt,293,STATE_293,2489500,rural,1,,,,,
294-Oman.txt,294,STATE_294,369000,rural,2,,,,,
295-Congo.txt,295,STATE_295,3540948,rural,,,,2,,
296-Portugal Africa.txt,296,STATE_296,364900,enclave,,,1,,,
297-Belgian Africa.txt,297,STATE_297,185000,enclave,,,,,,
298-Liberia.txt,298,STATE_298,745000,rural,,,6,,,
299-Falkand Islands.txt,299,STATE_299,2463,enclave,,,,,,
3-Switzerland.txt,3,STATE_3,2211689,large_city,,18,,,,
30-Loire.txt,30,STATE_30,1388400,city,,,,,,
300-Uruguay.txt,300,STATE_300,1734000,large_city,1,,,,1,
301-paraguay.txt,301,STATE_301,890100,town,,,,,,
302-bolivia.txt,302,STATE_302,2044500,city,,,,60,2,
303-Peru.txt,303,STATE_303,3563249,large_city,14,,,,,
304-Panama.txt,304,STATE_304,467459,town,1,,,,,
305-Ecuador.txt,305,STATE_305,2000000,city,2,,,,,
306-Colombia.txt,306,STATE_306,4953049,city,,,,,,
307-Venezuela.txt,307,STATE_307,1335010,city,41,,,,,
308-Britain SA.txt,308,STATE_308,25678,tiny_island,,,,,,
309-Dutch SA.txt,309,STATE_309,152000,rural,,60,,,,
31-Midi Pyrenees.txt,31,STATE_31,1825000,city,,,,,,
310-French SA.txt,310,STATE_310,47341,pastoral,,,,,,
311-BritMex.txt,311,STATE_311,51000,pastoral,,,,,,
312-Honduras.txt,312,STATE_312,859761,town,,,,,,1
313-Guatemala.txt,313,STATE_313,1771000,town,,,,,,4
314-El Salvador.txt,314,STATE_314,1437611,town,,,,,,1
315-Cuba.txt,315,STATE_315,3607919,town,,,,,3,90
316-Costa Rica.txt,316,STATE_316,503856,town,,,,,,1
317-Nicaragua.txt,317,STATE_317,683000,town,,,,,,1
318-Haiti.txt,318,STATE_318,2380000,town,,,,,,2
319-Dominican Republic.txt,319,STATE_319,1256000,town,,,,,,1
32-Rhone Alpes.txt,32,STATE_32,1007500,town,,30,,,30,
320-French India.txt,320,STATE_320,286410,enclave,,,,,,
321-Goa.txt,321,STATE_321,533952,enclave,,,,,,
322-Tibet.txt,322,STATE_322,1722000,pastoral,,,,2.000,,
323-Nepal.txt,323,STATE_323,5573791,town,,,,,,2
324-Bhutan.txt,324,STATE_324,450000,town,,,,2,,
325-Yunnan.txt,325,STATE_325,10994500,town,,,,2.000,,
326-HongKong.txt,326,STATE_326,1143516,large_town,,,,,,
327-Philippines.txt,327,STATE_327,3548684,town,,,,,,
328-Manchukuo.txt,328,STATE_328,7536266,rural,,7,,,,
329-Tannu Tuva.txt,329,STATE_329,85000,rural,,,,,,2
33-Centre sud.txt,33,STATE_33,636400,town,,,,,,
330-Mongolia.txt,330,STATE_330,772000,town,,,,,2.000,3.000
331-Newfoundland.txt,331,STATE_331,255060,rural,,,,,,
332-Labrador.txt,332,STATE_332,22179,wasteland,,,,,,
333-British Borneo.txt,333,STATE_333,889800,rural,12,,40,,,
334-Dutch Borneo.txt,334,STATE_334,2168600,rural,5,,75,,,
335-Dutch East Indies.txt,335,STATE_335,41718200,city,10,,140,,,
336-Singapore.txt,336,STATE_336,2893200,large_town,,15,342,189,20,
337-Faroe Islands.txt,337,STATE_337,25900,small_island,,,,,,
338-Gloucestershire.txt,338,STATE_338,1800615,city,,,,,9,
339-Izmir.txt,339,STATE_339,1401889,large_town,,,,,,50
34-Wallonie.txt,34,STATE_34,3381300,large_city,,,,,,
340-Bursa.txt,340,STATE_340,1077853,town,,,,,,39
341-Edirne.txt,341,STATE_341,363947,town,,,,,,
342-Antalya.txt,342,STATE_342,362689,rural,,,,,,35
343-Afyon.txt,343,STATE_343,1298543,rural,,,,,,25
344-Adana.txt,344,STATE_344,1081781,town,,,,,,
345-Mersin.txt,345,STATE_345,411798,rural,,,,,,
346-Konya.txt,346,STATE_346,849453,rural,,,,,,
347-Izmit.txt,347,STATE_347,807660,rural,,,,,9,19
348-Kayseri.txt,348,STATE_348,858452,rural,,,,,,resources  {   32 }
349-Silvas.txt,349,STATE_349,592821,rural,,,,,,
35-Gelderland.txt,35,STATE_35,1449000,city,,,,,,
350-Diyarbekir.txt,350,STATE_350,571935,town,,,,,,
351-Vologda.txt,351,STATE_351,2352100,town,,,,,,
352-Hakkari.txt,352,STATE_352,262095,rural,,,,,,
353-Erzurum.txt,353,STATE_353,523537,rural,,,,,,
354-Trabzon.txt,354,STATE_354,1031129,town,,,,,,
355-Samsun.txt,355,STATE_355,1151863,rural,,,,,,
356-Sinop.txt,356,STATE_356,860589,rural,,,,,,
357-New England.txt,357,STATE_357,8404713,metropolis,,,,,12,
358-New York.txt,358,STATE_358,12588061,megalopolis,,,,,13,
359-New Jersey.txt,359,STATE_359,4041332,large_city,,,,,,
36-Friesland.txt,36,STATE_36,2364000,city,,,,,,
360-Pennsylvania.txt,360,STATE_360,9631346,megalopolis,,,,,44,
361-Maryland.txt,361,STATE_361,2118394,city,,,,,,
362-Virginia.txt,362,STATE_362,4151054,large_city,,,,,,
363-North Carolina.txt,363,STATE_363,3170274,city,,,,,,
364-South Carolina.txt,364,STATE_364,1738764,city,,,,,,
365-Georgia.txt,365,STATE_365,2908504,city,,,,,,
366-Florida.txt,366,STATE_366,1468210,city,,,,,,
367-Alabama.txt,367,STATE_367,2646247,city,,,,,,
368-Tennesse.txt,368,STATE_368,2616555,city,,,,,60,
369-Kentucky.txt,369,STATE_369,2614588,city,,,,,,
37-Denmark.txt,37,STATE_37,2034114,large_city,,,,,,
370-Mississippi.txt,370,STATE_370,2009820,city,,,,,,
371-Louisiana.txt,371,STATE_371,2101592,city,44,,,,,
372-Arkansas.txt,372,STATE_372,1854481,town,,14,,,,
373-Missouri.txt,373,STATE_373,3629365,large_city,,12,,,,
374-Oklahoma.txt,374,STATE_374,2396039,city,60,20,,,,
375-Texas.txt,375,STATE_375,5824712,metropolis,320,50,,,,
376-New Mexico.txt,376,STATE_376,423316,rural,14,30,,,,
377-Arizona.txt,377,STATE_377,435572,rural,5,8,,,20,
378-California.txt,378,STATE_378,5677248,metropolis,180,8,,,,
379-Nevada.txt,379,STATE_379,91057,rural,,25,,32,70,
38-Sweden.txt,38,STATE_38,931955,town,,,,,40,
380-Utah.txt,380,STATE_380,507846,rural,,,,76,,
381-Wyoming.txt,381,STATE_381,225564,rural,,,,,,
382-Colorado.txt,382,STATE_382,1035790,town,14,,,,,
383-Kansas.txt,383,STATE_383,1880998,city,30,,,,,
384-Nebraska.txt,384,STATE_384,1377962,large_town,,,,,,
385-Oregon.txt,385,STATE_385,953785,town,,,,,,
386-Washington.txt,386,STATE_386,1563395,large_town,,,,,,
387-Idaho.txt,387,STATE_387,445031,rural,,,,18,18,1
388-Montana.txt,388,STATE_388,537605,rural,,,,11,,
389-North Dakota.txt,389,STATE_389,680844,rural,7,,,,17,
39-Britain.txt,39,STATE_39,641650,town,,14,,,,
390-South Dakota.txt,390,STATE_390,692849,rural,,,,,,
391-Minnesota.txt,391,STATE_391,2563952,city,,,,,110,
392-Iowa.txt,392,STATE_392,2470938,city,,,,,,
393-Michigan.txt,393,STATE_393,4842323,metropolis,6,,,,60,
394-Wisconsin.txt,394,STATE_394,2939004,city,,,,,53,
395-Illinois.txt,395,STATE_395,7630651,megalopolis,,,,,,
396-Indiana.txt,396,STATE_396,3238501,large_city,,,,,,
397-Syktyvkar.txt,397,STATE_397,137203,wasteland,,,,,,
398-Perm.txt,398,STATE_398,2135879,rural,,6,,,,
399-Izhevsk.txt,399,STATE_399,1324935,rural,,,,,,18
4-Austria.txt,4,STATE_4,2595983,large_city,1,,,,,
40-USSR.txt,40,STATE_40,2107451,large_town,,,,,,
400-Kirov.txt,400,STATE_400,2115475,town,,14,,,,
401-Engels.txt,401,STATE_401,927795,rural,,,,16,24,
402-Akhtubinsk.txt,402,STATE_402,282245,rural,,,,,,15.000
403-Kharabali.txt,403,STATE_403,939067,rural,,,,,,
404-Saykhin.txt,404,STATE_404,667036,wasteland,,,,,,
405-Atyrau.txt,405,STATE_405,6275820,city,,,,,,
406-Krasnyy Yar.txt,406,STATE_406,146494,wasteland,,,,,,
407-Uralsk.txt,407,STATE_407,268572,rural,,,,,,
408-Vladivostok.txt,408,STATE_408,841465,town,,,,,,20
409-Khabarovsk.txt,409,STATE_409,295605,rural,,,,,,9
41-Madrid.txt,41,STATE_41,2064659,city,,1.000,,,,
410-Sistan.txt,410,STATE_410,341053,rural,,,,,,
411-Hormozgan.txt,411,STATE_411,885272,rural,12,,,,,
412-Fars.txt,412,STATE_412,918619,rural,10,,,,,
413-Khuzestan.txt,413,STATE_413,797356,rural,28,,,,,
414-Kerman.txt,414,STATE_414,486013,wasteland,,,,,,
415-South Khorasan.txt,415,STATE_415,1632860,rural,,,,,,
416-Razavi Khorasan.txt,416,STATE_416,1059739,rural,,,,,,
417-Golestan.txt,417,STATE_417,796396,rural,,,,,,
418-Semnan.txt,418,STATE_418,332362,wasteland,,,,,,
419-Azerbaijan.txt,419,STATE_419,1431714,rural,,,,,,
42-Rhineland.txt,42,STATE_42,3027739,metropolis,,14,,,59,
420-Gilan.txt,420,STATE_420,1314948,rural,,,,,,
421-Kurdistan.txt,421,STATE_421,780278,rural,,,,,,
422-Ceylon.txt,422,STATE_422,5500000,rural,,,60,,,
423-Tamil.txt,423,STATE_423,29147500,rural,,,19,,,
424-Andra Pradesh.txt,424,STATE_424,15791700,rural,,,,,,
425-Karnataka.txt,425,STATE_425,12348200,rural,,,,,,10
426-Odisha.txt,426,STATE_426,14520100,rural,,1,,,25,20
427-Hydrabad.txt,427,STATE_427,14013400,town,,,,,,6
428-Gujarat.txt,428,STATE_428,10590200,town,3,,,,,
429-Mumbai.txt,429,STATE_429,17355600,town,,,,,,
43-Hungary.txt,43,STATE_43,3750752,large_city,,100,,,3,
430-Bangladesh.txt,430,STATE_430,31973300,town,,,,,,
431-Calcutta.txt,431,STATE_431,18778100,city,,,,,13.000,
432-Assam.txt,432,STATE_432,8977100,town,5.000,,,,,
433-Manipur.txt,433,STATE_433,11786000,town,,,,,,
434-Arunachal Pradesh.txt,434,STATE_434,200000,wasteland,,,,,,
435-Bihar.txt,435,STATE_435,36574500,rural,,,,,,
436-Jharkhand.txt,436,STATE_436,14123100,rural,,,,,,4
437-Madhya Pradesh.txt,437,STATE_437,8402500,rural,,,,,,
438-Lucknow.txt,438,STATE_438,33491000,rural,,,,,,
439-Delhi.txt,439,STATE_439,31136800,city,,,,,,
44-Albania.txt,44,STATE_44,740800,town,,2,,,,2
440-Punjab.txt,440,STATE_440,13665000,town,,,,,,
441-Kashmir.txt,441,STATE_441,2123700,rural,,,,,,
442-Peshawar.txt,442,STATE_442,4684400,rural,,,,,,
443-Hyderabad.txt,443,STATE_443,3887000,rural,,,,,,
444-Karachi.txt,444,STATE_444,463500,wasteland,,,,,,
445-Hindu Kush.txt,445,STATE_445,405100,wasteland,,,,,,
446-Cairo.txt,446,STATE_446,6586596,town,,,,,,
447-Alexandria.txt,447,STATE_447,3859239,town,1,,,,,
448-Tripoli.txt,448,STATE_448,469136,town,,,,,,
449-Libyan Coast.txt,449,STATE_449,40431,enclave,,,,,,
45-Yugoslavia.txt,45,STATE_45,838621,town,,,,,,
450-Benghasi.txt,450,STATE_450,82535,enclave,,,,,,
451-Derna.txt,451,STATE_451,45628,wasteland,,,,,,
452-Marsa Matruh.txt,452,STATE_452,52556,wasteland,,,,,,
453-Sinai.txt,453,STATE_453,15359,wasteland,,,,,,
454-Israel.txt,454,STATE_454,933142,rural,,,,,,
455-Jordan.txt,455,STATE_455,932000,rural,,,,,,
456-Luxor.txt,456,STATE_456,4224516,rural,,,,,,
457-Aswan.txt,457,STATE_457,2194,wasteland,,,,,,
458-Tunisia.txt,458,STATE_458,1982940,town,,,,,6,
459-Western Algeria.txt,459,STATE_459,3089944,town,,,,,26,
46-Romania.txt,46,STATE_46,4461400,city,44,,,,,
460-Eastern Algeria.txt,460,STATE_460,2343837,town,,,,,,
461-Northern Morocco.txt,461,STATE_461,3197719,rural,,,,,,12.000
462-Southern Morocco.txt,462,STATE_462,1865552,wasteland,,,,,,
463-Alaska.txt,463,STATE_463,67500,rural,,,,,,
464-Nova Scotia.txt,464,STATE_464,490912,rural,,,,,,
465-New Brunswick.txt,465,STATE_465,475020,rural,,,,,,
466-Quebec.txt,466,STATE_466,318860,rural,,4,,,,
467-Manitoba.txt,467,STATE_467,651071,rural,,,,,,
468-Nunavut.txt,468,STATE_468,2432754,city,,3,,,,
469-Saskatchewan.txt,469,STATE_469,865605,rural,,,,,,
47-Greece.txt,47,STATE_47,2312500,city,,30,,10,3,12
470-Alberta.txt,470,STATE_470,690800,rural,,,,,,
471-Northwestern Canada.txt,471,STATE_471,27681,wasteland,,,,,,
472-Northwest Territories.txt,472,STATE_472,27681,wasteland,,,,,,
473-British Columbia.txt,473,STATE_473,638165,town,1,,,,,
474-Yucatan.txt,474,STATE_474,440289,rural,,,,,,
475-Chiapas.txt,475,STATE_475,805874,rural,,,,,,
476-Oaxaca.txt,476,STATE_476,1663331,rural,8,,,,,
477-Veracruz.txt,477,STATE_477,1951460,town,9,,,,,
478-Nayarit.txt,478,STATE_478,2470875,town,,,,8,,
479-Tamaulipas.txt,479,STATE_479,1032988,town,9,,,,,
48-Bulgaria.txt,48,STATE_48,1685989,city,,2,,,,
480-Coahuila.txt,480,STATE_480,827826,large_town,8,,,,,
481-Sinaloa.txt,481,STATE_481,1255094,rural,,,,,,
482-Chihuahua.txt,482,STATE_482,520751,rural,,,,,,
483-Sonora.txt,483,STATE_483,303987,rural,,,,,,
484-Baja California.txt,484,STATE_484,108841,rural,,,,,,
485-Guerrero.txt,485,STATE_485,1598311,rural,,,,,4,
486-Meta.txt,486,STATE_486,213160,pastoral,,,,,,
487-Amazinas.txt,487,STATE_487,334500,pastoral,,,,,,
488-Bolivar.txt,488,STATE_488,245642,pastoral,,,,,,
489-Monagas.txt,489,STATE_489,1576373,town,35,,,,,
49-Turkey.txt,49,STATE_49,810284,town,,,,,28,11
490-Pastaza.txt,490,STATE_490,70020,pastoral,,,,,,
491-Loreto.txt,491,STATE_491,176626,pastoral,,,,,,
492-Piura.txt,492,STATE_492,1601278,rural,,,,2,,
493-La Libertad.txt,493,STATE_493,2826781,town,15,,,,,
494-Ucayali.txt,494,STATE_494,735826,rural,,,,,,
495-Amazonas.txt,495,STATE_495,979900,pastoral,,4,,,,
496-Para.txt,496,STATE_496,4603600,town,,,,,3,
497-Maranhao.txt,497,STATE_497,2950100,rural,,,23,,,
498-Rio Grande.txt,498,STATE_498,7746000,city,,,,,,
499-Bahia.txt,499,STATE_499,4233900,large_town,,,,,,
5-Germany.txt,5,STATE_5,1238108,town,,,,,,
50-Baden.txt,50,STATE_50,5086854,large_city,,6,,,,
500-Rio de Janerio.txt,500,STATE_500,6665500,large_city,,,,,,
501-Saol Paulo.txt,501,STATE_501,6199200,city,,,,,,
502-Rio Grande Sul.txt,502,STATE_502,2959600,town,,,,,,
503-Santa Catarina.txt,503,STATE_503,1922700,rural,,,,,,
504-Iguacu.txt,504,STATE_504,229900,rural,,,,,,
505-Goias.txt,505,STATE_505,1662200,rural,,,,,,
506-Northern Chile.txt,506,STATE_506,283605,rural,,,,,,
507-Southern Chile.txt,507,STATE_507,68693,pastoral,,,,,,
508-Argentine Northwest.txt,508,STATE_508,781311,rural,,,,,,
509-Gran Chaco.txt,509,STATE_509,704241,town,,,,35,6,
51-Moselland.txt,51,STATE_51,6144743,metropolis,,,,,30,
510-Mesopotamia.txt,510,STATE_510,3497169,large_town,8,,,,,
511-Cuyo.txt,511,STATE_511,1090274,rural,,,,,,
512-Patagonia.txt,512,STATE_512,226638,rural,5,,,,,
513-Southern Algeria.txt,513,STATE_513,811486,wasteland,,,,,,
514-North Africa.txt,514,STATE_514,207733,wasteland,,,,,,
515-Central Africa.txt,515,STATE_515,1456356,pastoral,,,,,,
516-Northern Siberia.txt,516,STATE_516,43948,wasteland,,,,,,
517-Victoria.txt,517,STATE_517,2219500,large_city,,,,,8,4
518-Tasmania.txt,518,STATE_518,224000,small_island,,,,,,
519-South Australia.txt,519,STATE_519,200800,pastoral,,,,,,
52-Wuttemberg.txt,52,STATE_52,2679413,city,,18,,,,
520-Northern Territory.txt,520,STATE_520,13000,wasteland,,,,,22,
521-Queensland.txt,521,STATE_521,916800,town,,,,24,,
522-Western Australia.txt,522,STATE_522,367200,rural,,,,,,
523-New Guinea.txt,523,STATE_523,1077000,rural,,,,,,
524-Taiwan.txt,524,STATE_524,4592537,large_town,,,,,,
525-South Korea.txt,525,STATE_525,14284105,town,,,,,,
526-Okinawa.txt,526,STATE_526,578000,small_island,,,,,,
527-North Korea.txt,527,STATE_527,6774200,town,,,,28,18,
528-Nagasaki.txt,528,STATE_528,9069000,large_city,,,,,,52
529-Hiroshima.txt,529,STATE_529,5341000,large_city,,,,,,
53-Oberbayern.txt,53,STATE_53,1453365,city,,,,,,
530-Tokushima.txt,530,STATE_530,3310000,large_city,,,,,,
531-Osaka.txt,531,STATE_531,11015000,metropolis,,3,,,,
532-Nagoya.txt,532,STATE_532,6174000,large_city,,,,,,
533-Akita.txt,533,STATE_533,6575000,large_city,,,,,27,
534-Niigata.txt,534,STATE_534,1933000,city,,,,,,
535-Nagano.txt,535,STATE_535,3871000,large_city,,,,8,27,
536-Hokkaido.txt,536,STATE_536,2812000,rural,,,,,,
537-South Sakhalin.txt,537,STATE_537,295196,rural,3,,,,,
538-Cameroun.txt,538,STATE_538,1693974,wasteland,,,5,,,
539-Gabon.txt,539,STATE_539,409752,pastoral,,,,,,
54-Bayreuth.txt,54,STATE_54,2508159,city,,,,,,
540-Angola.txt,540,STATE_540,3200000,rural,,,1.000,,,
541-South West Africa.txt,541,STATE_541,462000,wasteland,,,,,,
542-Bechuana Land.txt,542,STATE_542,234000,wasteland,,,,,,90
543-Madagascar.txt,543,STATE_543,3694611,rural,,,,,,
544-East Africa.txt,544,STATE_544,4125000,rural,,,,,,
545-Rhodessa.txt,545,STATE_545,1171336,pastoral,,,,,,
546-Tanganyika.txt,546,STATE_546,5299000,rural,,,2,,,
547-East Africa.txt,547,STATE_547,3392000,rural,,,,,,
548-Uganda.txt,548,STATE_548,3515625,rural,,,3,,,
549-Sudan.txt,549,STATE_549,3694293,rural,,,,,,
55-Nassau.txt,55,STATE_55,3798235,large_city,,,,,,
550-Eritiea.txt,550,STATE_550,600600,rural,,,,,,
551-Khartoum.txt,551,STATE_551,1993507,rural,,,,,,
552-Western Egypt.txt,552,STATE_552,18539,wasteland,,,,,,
553-Lebanon.txt,553,STATE_553,1104000,town,,,,,,
554-Syria.txt,554,STATE_554,547797,rural,,,,,,
555-Lagos.txt,555,STATE_555,15000,tiny_island,,,,,,
556-Mali.txt,556,STATE_556,3324782,rural,,,,,,
557-Mauritania.txt,557,STATE_557,225000,pastoral,,,,,,
558-Nigeria.txt,558,STATE_558,19757000,rural,,,2,,,
559-Somaliland.txt,559,STATE_559,1028895,rural,,,,,,
56-Weser-Ems.txt,56,STATE_56,2058467,city,,,,,,
560-TS 2.txt,560,STATE_560,97663,rural,,,,,18,
561-TS 3.txt,561,STATE_561,454281,rural,,,,,,
562-TS 4.txt,562,STATE_562,126961,wasteland,,,,,,
563-TS 5.txt,563,STATE_563,1044310,rural,,,,,9,8
564-TS 6.txt,564,STATE_564,370893,rural,,4,,10,10,12
565-TS 7.txt,565,STATE_565,195325,rural,,,,,10,5
566-TS 8.txt,566,STATE_566,755237,rural,,7,,,20,
567-TS 9.txt,567,STATE_567,410183,rural,,26,,,,
568-TS 10.txt,568,STATE_568,1726427,town,,,,,,
569-TS 11.txt,569,STATE_569,1567322,town,,,,,,
57-Westfalen.txt,57,STATE_57,5109333,large_city,,,,,,
570-TS 12.txt,570,STATE_570,1765369,town,,,,,,
571-TS 13.txt,571,STATE_571,1317157,town,,,,,,
572-TS 14.txt,572,STATE_572,2074932,town,,,,,,
573-Ts 15.txt,573,STATE_573,556677,pastoral,,,,,,23
574-Siberia 1.txt,574,STATE_574,407866,wasteland,,,,,,
575-Siberia 2.txt,575,STATE_575,146494,wasteland,,,,,,
576-Siberia 3.txt,576,STATE_576,117195,wasteland,,,,,,
577-Siberia 4.txt,577,STATE_577,29299,wasteland,13,,,,,
578-Siberia 5.txt,578,STATE_578,609304,rural,,,,,,
579-Siberia 6.txt,579,STATE_579,45484,wasteland,,,,,,
58-Schleswig - Holstein.txt,58,STATE_58,3248150,large_city,,,,,,
580-Siberia 7.txt,580,STATE_580,88126,wasteland,,,,,,
581-Northern Urals.txt,581,STATE_581,48831,wasteland,,27,,,,40
582-Sourthern Urals.txt,582,STATE_582,1044991,rural,6.000,,,,40.000,
583-Kazakhstan.txt,583,STATE_583,315450,rural,,,,,,
584-Turkmenistan.txt,584,STATE_584,1064523,pastoral,,,,,,
585-Uzbekistan.txt,585,STATE_585,1033721,rural,,,,,,
586-Kyrgyzstan.txt,586,STATE_586,2563404,city,,10.000,,4.000,20.000,12.000
587-Western Kazakstan.txt,587,STATE_587,245133,rural,,,,,,
588-Some Mountains.txt,588,STATE_588,659223,rural,,,,,,16
589-Eastern Kazakhstan.txt,589,STATE_589,535191,pastoral,,,,,,
59-Ost - Hannover.txt,59,STATE_59,2438286,large_city,2,,,,,
590-Northern Kazakhstan.txt,590,STATE_590,980533,pastoral,,,,,,
591-Hainan.txt,591,STATE_591,4350000,town,,,,,,
592-Guangzhou.txt,592,STATE_592,17835200,city,,,,8,15,3
593-Guangdong.txt,593,STATE_593,12700000,town,,,,15,15,3
594-Nanning.txt,594,STATE_594,6550000,town,,,,11,8,3
595-Fujian.txt,595,STATE_595,11755600,city,,,,,,
596-Zhejiang.txt,596,STATE_596,21230700,city,,,,,,
597-Shandong.txt,597,STATE_597,38373200,town,,,,,,
598-Jiansu.txt,598,STATE_598,23669300,town,,,,,,
599-Guanxi.txt,599,STATE_599,8685200,town,,,,15,15,3
6-Belgium.txt,6,STATE_6,4747700,metropolis,,,,,25,
60-Sud-Hannover.txt,60,STATE_60,3005214,large_city,,,,3,13,3
600-Jiangxi.txt,600,STATE_600,15820400,town,,,,,,
601-China 1.txt,601,STATE_601,368200,wasteland,2.000,,,,,
602-China 2.txt,602,STATE_602,20293700,town,,,,6.000,,
603-China 3.txt,603,STATE_603,7543200,town,,,,,,
604-China 4.txt,604,STATE_604,1196100,rural,,,,,,
605-China 5.txt,605,STATE_605,52963300,city,,,,,14.000,
606-China 6.txt,606,STATE_606,18265400,town,,,,,11.000,
607-China 7.txt,607,STATE_607,34289800,town,,,,,,
608-Beijing.txt,608,STATE_608,9648400,large_city,,,,,,
609-China 8.txt,609,STATE_609,6400000,town,,,,,,
61-Mecklenburg.txt,61,STATE_61,836353,town,,,,,,
610-China 9.txt,610,STATE_610,1975377,pastoral,,,,,,
611-China 10.txt,611,STATE_611,1470000,pastoral,,,,,,
612-China 11.txt,612,STATE_612,566000,rural,,,,,,
613-China 12.txt,613,STATE_613,17305100,large_city,,,,,,
614-China 13.txt,614,STATE_614,18434900,town,,,,,,
615-Shanxi.txt,615,STATE_615,11601000,town,,,,,,
616-China 14.txt,616,STATE_616,2077600,pastoral,,,,,,
617-Xinjiang.txt,617,STATE_617,1080500,rural,,,,,,
618-China 15.txt,618,STATE_618,670800,pastoral,,,,,,
619-China 16.txt,619,STATE_619,1430700,pastoral,,2,,,,2
62-Pommern.txt,62,STATE_62,1006221,town,,,,,,
620-China 17.txt,620,STATE_620,25541600,city,,,,,,
621-China 18.txt,621,STATE_621,1583700,pastoral,,,,,,
622-China 19.txt,622,STATE_622,7006200,city,,,,3.000,3.000,
623-Luzon.txt,623,STATE_623,2010656,city,,,1,,,
624-Central islands.txt,624,STATE_624,1290672,town,,,,,,
625-Samar.txt,625,STATE_625,1138724,rural,,,,,,
626-Palawan.txt,626,STATE_626,83041,rural,,,,,,
627-Mindanao.txt,627,STATE_627,1496508,rural,,,,,,
628-Cebu.txt,628,STATE_628,3525715,rural,,,,,,
629-Hawaii.txt,629,STATE_629,368336,town,,,,,,
63-WestPrussen.txt,63,STATE_63,1124417,town,,8,,,23,
630-Johnston Atoll.txt,630,STATE_630,100,tiny_island,,,,,,
631-Midway Island.txt,631,STATE_631,2159,tiny_island,,,,,,
632-Wake Island.txt,632,STATE_632,150,tiny_island,,,,,,
633-Marshall Islands.txt,633,STATE_633,52517,small_island,,,,,,
634-Solomon Islands.txt,634,STATE_634,150000,small_island,,,,,,
635-New Caledonia.txt,635,STATE_635,51876,small_island,,,,,,90
636-Fiji.txt,636,STATE_636,180000,small_island,,,,,,
637-State 1.txt,637,STATE_637,48831,wasteland,,,,,,
638-Guam.txt,638,STATE_638,75153,small_island,,,,,,
639-Maiana.txt,639,STATE_639,1035,small_island,,,,,,
64-Brandenburg.txt,64,STATE_64,7265029,megalopolis,,,,,,
640-Stae 2.txt,640,STATE_640,3944600,town,,,,120,,
641-Tahiti.txt,641,STATE_641,105786,small_island,,,,,,
642-Phoenix Island.txt,642,STATE_642,24,tiny_island,,,,,,
643-Fongafale.txt,643,STATE_643,493,small_island,,,,,,
644-state 3.txt,644,STATE_644,68364,wasteland,,,,,,
645-Iwo Jima.txt,645,STATE_645,1018,small_island,,,,,,
646-Saipan.txt,646,STATE_646,21657,small_island,,,,,,
647-Palau.txt,647,STATE_647,12100,small_island,,,,,,
648-Marcus Island.txt,648,STATE_648,42,tiny_island,,,,,,
649-Galapagos Islands.txt,649,STATE_649,11532,tiny_island,,,,,,
65-Sachsen.txt,65,STATE_65,5592576,metropolis,,,,,53,
650-Attu Island.txt,650,STATE_650,20,tiny_island,,,,,,
651-Sov state 5.txt,651,STATE_651,2552075,city,,,,,,
652-Sov state 6.txt,652,STATE_652,1225870,city,,,,,20.000,
653-Sov state 7.txt,653,STATE_653,2161650,city,,,,,,
654-sov state 8.txt,654,STATE_654,153510,wasteland,,,,,,
655-North Sakhalin.txt,655,STATE_655,94759,pastoral,,,,,,
656-Kuwait.txt,656,STATE_656,80000,rural,,,,,,
657-Border state.txt,657,STATE_657,308380,pastoral,,,,,18,
658-Arab UK 1.txt,658,STATE_658,170200,pastoral,5,,,,,
659-Arabian UK 2.txt,659,STATE_659,891505,pastoral,,,,,,
66-Niederschlesien.txt,66,STATE_66,3052726,large_city,,16,,,50,
660-Equatorial Africa.txt,660,STATE_660,1136921,pastoral,,,3,,,
661-Tripolitania.txt,661,STATE_661,17617,wasteland,,,,,,
662-Sirte.txt,662,STATE_662,13213,wasteland,,,,,,
663-Cyrenaica.txt,663,STATE_663,8808,wasteland,,,,,,
664-Southern Slovakia.txt,664,STATE_664,854300,town,,,,,13,3
665-Gabes.txt,665,STATE_665,427824,pastoral,,,,,,
666-Norrnorrland.txt,666,STATE_666,415327,rural,,,,40,50,25
667-Lesser  Sunda Islands.txt,667,STATE_667,3460200,town,,,12,,,
668-The Moluccas.txt,668,STATE_668,579100,pastoral,,,,,,
669-Dutch New Guinea.txt,669,STATE_669,314300,pastoral,,,,,,
67-Oberschlesien.txt,67,STATE_67,1402591,city,,6,,,19,
670-Laos.txt,670,STATE_670,1184000,pastoral,,,,,,
671-Annam.txt,671,STATE_671,11528000,town,,,,27,,6
672-Sumatra.txt,672,STATE_672,8254900,town,12,28,150,,,
673-Sulawesi.txt,673,STATE_673,4232000,town,,,30,,,
674-Central Australia.txt,674,STATE_674,30000,wasteland,,,,,,
675-Al Hajara.txt,675,STATE_675,122093,wasteland,,,,,,
676-Mosul.txt,676,STATE_676,1182741,town,8,,,,,
677-Aleppo.txt,677,STATE_677,1325594,town,,,,,,
678-Rub al Khali.txt,678,STATE_678,42,wasteland,,,,,,
679-Hejaz.txt,679,STATE_679,1511000,pastoral,,,,,,
68-Wartheland.txt,68,STATE_68,1250840,city,,15,,,,
680-Deir-az-Zur.txt,680,STATE_680,324110,wasteland,,,,,,
681-Soviet Lakes.txt,681,STATE_681,1637178,town,,,,,,
682-Northern Ontario.txt,682,STATE_682,149059,rural,,9,,,8,
683-Northeastern Canada.txt,683,STATE_683,46135,wasteland,,7,,,,
684-Caroline Islands.txt,684,STATE_684,42357,small_island,,,,,,
685-Panama Canal.txt,685,STATE_685,39467,enclave,,,,,,
686-Puerto Rico.txt,686,STATE_686,1543913,rural,,,,,,
687-British Guyana.txt,687,STATE_687,309000,pastoral,,64,,,,
688-Chaco Boreal.txt,688,STATE_688,45900,pastoral,,,,3,2,
689-Jamaica.txt,689,STATE_689,1075000,town,,,,,,
69-Sudatenland.txt,69,STATE_69,2830000,town,,,,,4,
690-Bahama Islands.txt,690,STATE_690,40000,tiny_island,,,,,,
691-Trinidad.txt,691,STATE_691,413119,rural,12,,,,,
692-Windward Islands.txt,692,STATE_692,76485,small_island,,,,,,
693-Southern Bahamas.txt,693,STATE_693,15000,tiny_island,,,,,,
694-French Caribbean.txt,694,STATE_694,444290,rural,,,,,,
695-Curacao.txt,695,STATE_695,76299,rural,35,,,,,
696-Bermuda.txt,696,STATE_696,37516,small_island,,,,,,
697-Madeira.txt,697,STATE_697,211600,small_island,,,,,,
698-Azores.txt,698,STATE_698,212012,small_island,,,,,,
699-Rio de Oro.txt,699,STATE_699,21056,wasteland,,,,,,
7-Holland.txt,7,STATE_7,4123000,metropolis,,,,,4.000,
70-Slovakia.txt,70,STATE_70,1230500,city,,,,1,,
700-Sierra Leone.txt,700,STATE_700,1768500,pastoral,,,,,,
701-Gambia.txt,701,STATE_701,199520,enclave,,,,,,
702-Cape Verde.txt,702,STATE_702,150600,small_island,,,,,,
703-Ascension.txt,703,STATE_703,458,tiny_island,,,,,,
704-Saint Helena.txt,704,STATE_704,2485,tiny_island,,,,,,
705-Sao Tome.txt,705,STATE_705,24725,tiny_island,,,,,,
706-Reunion.txt,706,STATE_706,186637,small_island,,,,,,
707-Mauritius.txt,707,STATE_707,404458,small_island,,,,,,
708-Comoro Islands.txt,708,STATE_708,126703,small_island,,,,,,
709-Seychelles.txt,709,STATE_709,126703,small_island,,,,,,
71-East Slovakia.txt,71,STATE_71,1197800,rural,,,,,,
710-Diego Garcia.txt,710,STATE_710,2147,tiny_island,,,,,,
711-Christmas Island.txt,711,STATE_711,1625,tiny_island,,,,,,
712-Cocos Islands.txt,712,STATE_712,42,tiny_island,,,,,,
713-Kerguelen.txt,713,STATE_713,96,tiny_island,,,,,,
714-Heilungkiang.txt,714,STATE_714,3694191,pastoral,,,,,,
715-Liaoning.txt,715,STATE_715,3643373,town,,,,,,
716-Liaotung.txt,716,STATE_716,10264620,city,,,,,27.000,
717-Chuho.txt,717,STATE_717,5224174,pastoral,,,,,,
718-Stanleyville.txt,718,STATE_718,2366783,pastoral,,,5,,,
719-Natal.txt,719,STATE_719,3962157,city,,,,,,60
72-Zaolzie.txt,72,STATE_72,152000,rural,,,,,,
720-South Georgia.txt,720,STATE_720,30,tiny_island,,,,,,
721-Portuguese Timor.txt,721,STATE_721,455604,pastoral,,,,,,
722-Petsamo.txt,722,STATE_722,2371,enclave,,,,,,
723-Southern Island.txt,723,STATE_723,547198,rural,,,,4,,
724-Khorat.txt,724,STATE_724,2041700,rural,,,40,,,
725-Nauru.txt,725,STATE_725,5785,tiny_island,,,,,,
726-Samoa.txt,726,STATE_726,123214,small_island,,,,,,
727-Line Islands.txt,727,STATE_727,5367,small_island,,,,,,
728-Guangzhouwan.txt,728,STATE_728,200000,enclave,,,,,,
729-Macau.txt,729,STATE_729,157805,enclave,,,,,,
73-Carpathian Ruthenia.txt,73,STATE_73,854300,rural,,,,,,
730-St Pierre and Miquelon .txt,730,STATE_730,3426,tiny_island,,,,,,
731-Central Macedonia.txt,731,STATE_731,1155700,town,,,,,,
732-Pamir.txt,732,STATE_732,230000,wasteland,,,,,,
733-Andaman.txt,733,STATE_733,29500,small_island,,,,,,
734-Nendo.txt,734,STATE_734,5167,tiny_island,,,,,,
735-Savoy.txt,735,STATE_735,907500,town,,,,,,
736-Istria.txt,736,STATE_736,1063159,city,,,,,,
737-New Britain.txt,737,STATE_737,345640,rural,,,,,,
738-Aru Islands.txt,738,STATE_738,36146,small_island,,,,,,
739-Haida Gwaii.txt,739,STATE_739,12684,small_island,,,,,,
74-East Sudatenland.txt,74,STATE_74,820000,rural,,,,,,
740-Vancouver Island.txt,740,STATE_740,259612,rural,,,,,,
741-Cambodia.txt,741,STATE_741,5245000,town,,,,,,
742-Stalinabad.txt,742,STATE_742,230000,wasteland,,,,,,
743-Qingdao.txt,743,STATE_743,385000,large_town,,,,,,
744-Xian.txt,744,STATE_744,9000000,town,,,,,,
745-Dalian.txt,745,STATE_745,1000000,large_town,,,,,,
746-Ordos.txt,746,STATE_746,500000,pastoral,,,,,,
747-Dali Bai.txt,747,STATE_747,1000000,pastoral,,,,,,
748-Zunyi.txt,748,STATE_748,1500000,pastoral,,,,,,
749-Huangshan.txt,749,STATE_749,5000000,town,,,,,,
75-Moravia.txt,75,STATE_75,2598400,city,2,,,,4,
750-Changde.txt,750,STATE_750,8000000,town,,,,,,
751-Liangshan.txt,751,STATE_751,300000,pastoral,,,,,,
752-Chamdo.txt,752,STATE_752,300000,pastoral,,,,,,
753-Gannan.txt,753,STATE_753,3000000,rural,,,,,,
754-Golog.txt,754,STATE_754,400000,rural,,,,,,
755-Haixi.txt,755,STATE_755,1000000,pastoral,,,,,,
756-Jiuquan.txt,756,STATE_756,1000000,wasteland,,,,,,
757-Shigatse.txt,757,STATE_757,1000000,rural,,,,,,
758-Ngari.txt,758,STATE_758,1000000,pastoral,,,,,,
759-Kunlun.txt,759,STATE_759,70000,wasteland,,,,,,
76-Northern Transylvania.txt,76,STATE_76,2352700,town,,,,,,
760-Dabancheng.txt,760,STATE_760,700000,rural,,,,,,
761-Hulunbuir.txt,761,STATE_761,2000000,pastoral,,,,,,
762-Katowice.txt,762,STATE_762,1000000,city,,7,,,19,
763-Konigsberg.txt,763,STATE_763,2140234,city,,,,,,
764-West Banat.txt,764,STATE_764,585579,rural,,,,,,
765-Qatar.txt,765,STATE_765,51600,pastoral,,,,,,
766-Southern Bessarabia.txt,766,STATE_766,566600,rural,,,,,,
767-North Darfur.txt,767,STATE_767,8143,wasteland,,,,,,
768-Rwanda.txt,768,STATE_768,1716564,pastoral,,,,,,
769-Burundi.txt,769,STATE_769,2145731,pastoral,,,,,,
77-Dobrogea.txt,77,STATE_77,378000,rural,,,,,,
770-Malawi.txt,770,STATE_770,1603975,pastoral,,,,,,
771-Zambia.txt,771,STATE_771,1380089,rural,,,,8,,35
772-Middle Congo.txt,772,STATE_772,746415,pastoral,,,1,,,
773-Cameroon.txt,773,STATE_773,2945782,rural,,,,,,
774-Chad.txt,774,STATE_774,1442456,pastoral,,,,,,
775-B.E.T..txt,775,STATE_775,18744,wasteland,,,,,,
776-Dahomey.txt,776,STATE_776,1351563,pastoral,,,,,,
777-Togo.txt,777,STATE_777,1101346,pastoral,,,,,,
778-Upper Volta.txt,778,STATE_778,3186184,pastoral,,,,,,
779-Ivory Coast.txt,779,STATE_779,3850734,pastoral,,,,,,
78-Bessarabia.txt,78,STATE_78,2296800,town,,,,,,
780-Guinea.txt,780,STATE_780,195041,pastoral,,,,,,
781-Niger.txt,781,STATE_781,543817,pastoral,,,,,,
782-Tombouctou.txt,782,STATE_782,79243,wasteland,,,,,,
783-Sidi Ifni.txt,783,STATE_783,11043,pastoral,,,,,,
784-Ermland-Masuren.txt,784,STATE_784,517081,rural,,,,,,
785-Picardy.txt,785,STATE_785,1580000,town,,4,,,20,
786-Mauritanian Desert.txt,786,STATE_786,124200,wasteland,,,,,,
787-North Kashmir.txt,787,STATE_787,1415800,rural,,,,,,
788-Salamanca.txt,788,STATE_788,364601,pastoral,,,,10.000,,
789-Cordoba.txt,789,STATE_789,1428513,town,,,,,,
79-moldovia.txt,79,STATE_79,2806400,rural,,,,,,
790-Asturias.txt,790,STATE_790,1197252,large_town,,,,,,
791-Valladolid.txt,791,STATE_791,713628,rural,,,,10.000,,
792-Basque Country.txt,792,STATE_792,928094,town,,,,,8.000,
793-Guadalajara.txt,793,STATE_793,527697,rural,,,,,,
794-Eastern Aragon.txt,794,STATE_794,387366,pastoral,,,,,,
795-Santarem.txt,795,STATE_795,729712,rural,,,,,,20.000
796-North Angola.txt,796,STATE_796,25000,rural,,,,,,
797-Istanbul.txt,797,STATE_797,1042276,city,,,,,,
798-Amasya.txt,798,STATE_798,531172,rural,,,,,,
799-Hatay.txt,799,STATE_799,234379,enclave,,,,,,
8-Luxemburg.txt,8,STATE_8,294748,town,,,,,5,
80-Bocovina.txt,80,STATE_80,474600,rural,,,,,,
800-Van.txt,800,STATE_800,365490,rural,,,,,,
801-Moesia.txt,801,STATE_801,1218780,rural,,,,,,
802-Kosovo.txt,802,STATE_802,616000,pastoral,,,,,,
803-Southern Serbia.txt,803,STATE_803,210000,pastoral,,,,,,
804-Herzegovina.txt,804,STATE_804,547200,town,,7,,,,
805-Northern Epirus.txt,805,STATE_805,262200,pastoral,,,,,,
806-French Basque Country.txt,806,STATE_806,280723,town,,,,,,
81-Oltenia.txt,81,STATE_81,1519300,rural,,,,,,
82-Banat.txt,82,STATE_82,941500,rural,,4,,,,
83-crisana.txt,83,STATE_83,632900,town,,,,,,
84-Transylvania.txt,84,STATE_84,1622300,town,,,,,3,
85-Danzig.txt,85,STATE_85,1080100,city,,,,,,
86-Poznan.txt,86,STATE_86,2106500,city,,,,,,
87-Lodz.txt,87,STATE_87,2632000,town,,,,,,
88-Kielce.txt,88,STATE_88,3692800,large_city,3.000,,,,5.000,
89-Krakow.txt,89,STATE_89,2180300,town,,,,,,
9-Czechoslovakia.txt,9,STATE_9,4492600,large_city,,,,,5,
90-Lwow.txt,90,STATE_90,1835700,town,,,,,8,
91-Tarnopol.txt,91,STATE_91,3227800,city,,,,,,
92-Lublin.txt,92,STATE_92,2464600,town,,,,,,
93-Volhynian.txt,93,STATE_93,1985600,town,,,,,,
94-Polesie.txt,94,STATE_94,1232200,rural,,,,,,
95-Nowogrodek.txt,95,STATE_95,1598900,rural,,,,,,
96-Wilejka.txt,96,STATE_96,726000,rural,,,,,,
97-Bialystok.txt,97,STATE_97,1157200,rural,,,,,,
98-Mazurskie.txt,98,STATE_98,1412100,rural,,,,,,
99-Jutland.txt,99,STATE_99,1672235,town,,6,,,,
